today open,predict open 1,predict open 2,state,hold,profit,action
154.4,151.57224,152.83263,0,0,0,-1
155.96,151.9211,153.5242,-1,155.96,0,1
156.45,153.01384,154.72092,0,0,-0.4899999999999807,-1
